-- ============================================================================
--  seed_arch_demo.sql  —  株式会社アーチ デモデータ投入スクリプト（草案・未実行）
-- ----------------------------------------------------------------------------
--  対象org: 11111111-1111-1111-1111-111111111111（コード固定ORG_ID。既存「デモ株式会社」を
--           アーチへ改名して再利用。新規org不可＝アプリがこのidをハードコード参照）
--  前提日:  2026-07-13（当四半期 2026-Q3 / 期末 2026-09-30）
--  安全:    STEP0(件数確認)→STEP1(削除)は【承認後に手動実行】。それ以外もWB承認後に実行。
--  面談:    trust_score_snapshots は seed せずアプリ閲覧時のレイジー生成に委ねる。support_tasks は
--           一部のみ seed（③④⑤=完了で先置き＝面談リストから除外 / ⑥=過去Q未完了で期限超過催促）。
--           残り(②⑥Q3⑦⑧)は ensureQuarterlyInterviewTasks が閲覧時に pending 自動生成する。
--  ダッシュボード面談カードの想定: ⑥のQ2(赤・超過)が主役。②⑦⑧⑥Q3は緑(期日前)。③④⑤は非表示。
-- ============================================================================


-- ======================= STEP 0: クリーンアップ対象の件数確認（読取のみ・先に提示） ==========
-- 実行して件数をWBに提示 → 承認 → STEP1 へ。
SELECT 'foreign_workers'  t, count(*) n FROM foreign_workers WHERE org_id='11111111-1111-1111-1111-111111111111'
UNION ALL SELECT 'residence_statuses',  count(*) FROM residence_statuses  WHERE worker_id IN (SELECT id FROM foreign_workers WHERE org_id='11111111-1111-1111-1111-111111111111')
UNION ALL SELECT 'worker_contracts',    count(*) FROM worker_contracts    WHERE worker_id IN (SELECT id FROM foreign_workers WHERE org_id='11111111-1111-1111-1111-111111111111')
UNION ALL SELECT 'employment_conditions', count(*) FROM employment_conditions WHERE worker_id IN (SELECT id FROM foreign_workers WHERE org_id='11111111-1111-1111-1111-111111111111')
UNION ALL SELECT 'payroll_records',     count(*) FROM payroll_records     WHERE worker_id IN (SELECT id FROM foreign_workers WHERE org_id='11111111-1111-1111-1111-111111111111')
UNION ALL SELECT 'evaluations',         count(*) FROM evaluations         WHERE worker_id IN (SELECT id FROM foreign_workers WHERE org_id='11111111-1111-1111-1111-111111111111')
UNION ALL SELECT 'document_generations',count(*) FROM document_generations WHERE worker_id IN (SELECT id FROM foreign_workers WHERE org_id='11111111-1111-1111-1111-111111111111')
UNION ALL SELECT 'trust_score_snapshots', count(*) FROM trust_score_snapshots WHERE organization_id='11111111-1111-1111-1111-111111111111';


-- ======================= STEP 1: 既存デモ/テストデータ削除（★承認後のみ） ==================
-- FK調査結果: foreign_workers からの子は全て CASCADE。ただし residence_statuses だけ
-- ON DELETE NO ACTION のため、必ず先に子(residence_statuses)を削除する（CLAUDE.md既知落とし穴）。
-- teiki_hokoku(機関単位・worker_id NULL)の生成記録は STEP1 では消えないので明示削除する。

-- 1-a) residence_statuses を先に削除
DELETE FROM residence_statuses
 WHERE worker_id IN (SELECT id FROM foreign_workers WHERE org_id='11111111-1111-1111-1111-111111111111');

-- 1-b) 機関単位の document_generations（worker_id NULL の teiki 等）を削除
DELETE FROM document_generations WHERE worker_id IS NULL;

-- 1-c) foreign_workers 削除 → 残り子行(contracts/conditions/payroll/evaluations/
--      document_generations/qualifications/support_records/support_tasks/snapshots)は CASCADE
DELETE FROM foreign_workers WHERE org_id='11111111-1111-1111-1111-111111111111';


-- ======================= STEP 2: 組織を「株式会社アーチ」へ（UPDATE＋既定値） ================
UPDATE organizations SET
  name                    = '株式会社アーチ',
  name_kana               = 'カブシキガイシャアーチ',
  type                    = 'company',
  plan                    = 'sme',
  address                 = '埼玉県さいたま市大宮区桜木町1-7-5',
  phone                   = '048-000-0000',
  representative_title    = '代表取締役',
  representative_name     = '荒川 健一',
  corporate_number        = '1030001000001',
  tokutei_skills_reg_number = '19登-000123',
  industry                = '自動車運送業・工業製品製造業',
  -- 自社支援（委託しない）
  shien_outsource         = false,
  support_office_address  = '埼玉県さいたま市大宮区桜木町1-7-5',
  support_office_phone    = '048-000-0000',
  support_supervisor_name = '荒川 健一',
  support_supervisor_kana = 'アラカワ ケンイチ',
  support_supervisor_title= '支援責任者',
  support_staff_name      = '田島 由美',
  support_staff_kana      = 'タジマ ユミ',
  support_staff_title     = '支援担当者'
WHERE id='11111111-1111-1111-1111-111111111111';

-- organization_defaults（現在0行）。ウィザードの既定値用に1行。
INSERT INTO organization_defaults
  (organization_id, work_start_time, work_end_time, break_minutes,
   has_36_agreement, has_flex_time, social_insurance_enrolled)
VALUES
  ('11111111-1111-1111-1111-111111111111','08:00','17:00',60, true, false, true)
ON CONFLICT DO NOTHING;


-- ======================= STEP 3: 外国人労働者 8名（固定UUID） ==============================
-- 国籍構成（確定値）: ベトナム3(①②④) / ミャンマー1(③) / フィリピン2(⑤⑧) / インドネシア2(⑥⑦)
INSERT INTO foreign_workers (id, org_id, name_kanji, name_romaji, name_kana, nationality, date_of_birth, gender, passport_number, residence_card_number, preferred_language, status, created_at) VALUES
-- ① ベトナム・運送・特定活動55号相当・在留期限残30日
('a1000000-0000-4000-8000-000000000001','11111111-1111-1111-1111-111111111111','グエン・ヴァン・ミン','NGUYEN VAN MINH','グエン ヴァン ミン','ベトナム','1998-03-12','male','N1234561','AB12345678CD','vi','active', now()),
-- ② ベトナム・運送・1号・入社2週間
('a1000000-0000-4000-8000-000000000002','11111111-1111-1111-1111-111111111111','レ・ヴァン・フン','LE VAN HUNG','レ ヴァン フン','ベトナム','2000-07-25','male','N1234562','AB12345678CE','vi','active', now()),
-- ③ ミャンマー・運送・1号・在職2年・模範（緑）
('a1000000-0000-4000-8000-000000000003','11111111-1111-1111-1111-111111111111','アウン・コー・コー','AUNG KO KO','アウン コー コー','ミャンマー','1995-11-03','male','N1234563','AB12345678CF','my','active', now()),
-- ④ ベトナム・運送・1号・在留期限30日以内
('a1000000-0000-4000-8000-000000000004','11111111-1111-1111-1111-111111111111','ファム・ヴァン・ズン','PHAM VAN DUNG','ファム ヴァン ズン','ベトナム','1997-01-18','male','N1234564','AB12345678CG','vi','active', now()),
-- ⑤ フィリピン・工業製品・1号・標準
('a1000000-0000-4000-8000-000000000005','11111111-1111-1111-1111-111111111111','サントス・マリア・ロサ','SANTOS MARIA ROSA','サントス マリア ロサ','フィリピン','1999-05-09','female','N1234565','AB12345678CH','en','active', now()),
-- ⑥ インドネシア・工業製品・1号・当四半期面談未実施
('a1000000-0000-4000-8000-000000000006','11111111-1111-1111-1111-111111111111','サリ・デウィ','SARI DEWI','サリ デウィ','インドネシア','2001-02-14','female','N1234566','AB12345678CI','id','active', now()),
-- ⑦ インドネシア・工業製品・1号・新入社・全データ未蓄積（灰）
('a1000000-0000-4000-8000-000000000007','11111111-1111-1111-1111-111111111111','プトリ・アユ','PUTRI AYU','プトリ アユ','インドネシア','2002-09-30','female','N1234567','AB12345678CJ','id','active', now()),
-- ⑧ フィリピン・工業製品・1号・届出未対応（橙）
('a1000000-0000-4000-8000-000000000008','11111111-1111-1111-1111-111111111111','レイエス・アンヘロ','REYES ANGELO','レイエス アンヘロ','フィリピン','1996-12-01','male','N1234568','AB12345678CK','en','active', now());


-- ======================= STEP 4: 在留資格（各1・is_active=true） ============================
-- ①は「特定活動」で近似（55号は選択肢に無い）。②〜⑧は特定技能1号。
INSERT INTO residence_statuses (worker_id, status_type, issued_date, expiry_date, card_number, is_active, source) VALUES
('a1000000-0000-4000-8000-000000000001','特定活動',  '2025-08-12','2026-08-12','AB12345678CD', true,'manual'),  -- 残30日
('a1000000-0000-4000-8000-000000000002','特定技能1号','2026-06-30','2028-06-30','AB12345678CE', true,'manual'),
('a1000000-0000-4000-8000-000000000003','特定技能1号','2025-07-01','2027-06-30','AB12345678CF', true,'manual'),
('a1000000-0000-4000-8000-000000000004','特定技能1号','2024-08-05','2026-08-05','AB12345678CG', true,'manual'),  -- 残23日
('a1000000-0000-4000-8000-000000000005','特定技能1号','2025-11-30','2027-11-30','AB12345678CH', true,'manual'),
('a1000000-0000-4000-8000-000000000006','特定技能1号','2025-09-30','2027-09-30','AB12345678CI', true,'manual'),
('a1000000-0000-4000-8000-000000000007','特定技能1号','2026-06-30','2029-06-30','AB12345678CJ', true,'manual'),
('a1000000-0000-4000-8000-000000000008','特定技能1号','2025-12-31','2027-12-31','AB12345678CK', true,'manual');


-- ======================= STEP 5: 雇用契約 =================================================
-- ③は在職2年＋契約更新（new_contract_date）で就労継続性/行動シグナルを満点方向へ。
INSERT INTO worker_contracts (worker_id, contract_start_date, contract_end_date, contract_renewable, new_contract_date) VALUES
('a1000000-0000-4000-8000-000000000001','2025-05-01', NULL, true, NULL),
('a1000000-0000-4000-8000-000000000002','2026-06-29', NULL, true, NULL),  -- 入社2週間
('a1000000-0000-4000-8000-000000000003','2024-07-01', NULL, true, '2026-06-15'),  -- 更新済
('a1000000-0000-4000-8000-000000000004','2024-08-01', NULL, true, NULL),
('a1000000-0000-4000-8000-000000000005','2025-04-01', NULL, true, NULL),
('a1000000-0000-4000-8000-000000000006','2025-01-15', NULL, true, NULL),
('a1000000-0000-4000-8000-000000000007','2026-07-01', NULL, true, NULL),  -- 新入社
('a1000000-0000-4000-8000-000000000008','2025-10-01', NULL, true, NULL);


-- ======================= STEP 6: 雇用条件（各1・運送/工業製品で分野を書き分け） ================
-- 業界フィールドは自由テキスト。運送=自動車運送業 / 工業製品=工業製品製造業。
INSERT INTO employment_conditions
  (worker_id, workplace_type, workplace_name, workplace_address, industry_field, job_category,
   work_start_time, work_end_time, break_minutes, weekly_scheduled_hours,
   wage_type, basic_wage, wage_cutoff_day, wage_payment_day, wage_payment_method,
   insurance_kosei_nenkin, insurance_kenko, insurance_koyo, insurance_rousai) VALUES
('a1000000-0000-4000-8000-000000000001','direct','株式会社アーチ 大宮営業所','埼玉県さいたま市大宮区桜木町1-7-5','自動車運送業','自動車運転業務','08:00','17:00',60,40,'monthly',215000,25,25,'bank_transfer',true,true,true,true),
('a1000000-0000-4000-8000-000000000002','direct','株式会社アーチ 大宮営業所','埼玉県さいたま市大宮区桜木町1-7-5','自動車運送業','自動車運転業務','08:00','17:00',60,40,'monthly',210000,25,25,'bank_transfer',true,true,true,true),
('a1000000-0000-4000-8000-000000000003','direct','株式会社アーチ 大宮営業所','埼玉県さいたま市大宮区桜木町1-7-5','自動車運送業','自動車運転業務','08:00','17:00',60,40,'monthly',225000,25,25,'bank_transfer',true,true,true,true),
('a1000000-0000-4000-8000-000000000004','direct','株式会社アーチ 大宮営業所','埼玉県さいたま市大宮区桜木町1-7-5','自動車運送業','自動車運転業務','08:00','17:00',60,40,'monthly',218000,25,25,'bank_transfer',true,true,true,true),
('a1000000-0000-4000-8000-000000000005','direct','株式会社アーチ 川口工場','埼玉県川口市領家3-1-1','工業製品製造業','工業製品製造業務','08:30','17:30',60,40,'monthly',205000,25,25,'bank_transfer',true,true,true,true),
('a1000000-0000-4000-8000-000000000006','direct','株式会社アーチ 川口工場','埼玉県川口市領家3-1-1','工業製品製造業','工業製品製造業務','08:30','17:30',60,40,'monthly',205000,25,25,'bank_transfer',true,true,true,true),
('a1000000-0000-4000-8000-000000000007','direct','株式会社アーチ 川口工場','埼玉県川口市領家3-1-1','工業製品製造業','工業製品製造業務','08:30','17:30',60,40,'monthly',200000,25,25,'bank_transfer',true,true,true,true),
('a1000000-0000-4000-8000-000000000008','direct','株式会社アーチ 川口工場','埼玉県川口市領家3-1-1','工業製品製造業','工業製品製造業務','08:30','17:30',60,40,'monthly',205000,25,25,'bank_transfer',true,true,true,true);


-- ======================= STEP 7: 賃金台帳 payroll_records ==================================
-- ③(緑): 12ヶ月(2025-07〜2026-06)。途中で昇給(210000→220000)＋冬季賞与で行動シグナル満点。
INSERT INTO payroll_records (worker_id, organization_id, target_year, target_month, basic_salary, overtime_pay, commuting_allowance, gross_pay, health_insurance, pension, employment_insurance, income_tax, resident_tax, total_deduction, net_pay, working_days, bonus_pay) VALUES
('a1000000-0000-4000-8000-000000000003','11111111-1111-1111-1111-111111111111',2025, 7,210000,12000,8000,230000,11500,20000,1380,4500,6000,43380,186620,21,NULL),
('a1000000-0000-4000-8000-000000000003','11111111-1111-1111-1111-111111111111',2025, 8,210000,14000,8000,232000,11500,20000,1392,4600,6000,43492,188508,22,NULL),
('a1000000-0000-4000-8000-000000000003','11111111-1111-1111-1111-111111111111',2025, 9,210000,10000,8000,228000,11500,20000,1368,4400,6000,43268,184732,20,NULL),
('a1000000-0000-4000-8000-000000000003','11111111-1111-1111-1111-111111111111',2025,10,210000,13000,8000,231000,11500,20000,1386,4550,6000,43436,187564,21,NULL),
('a1000000-0000-4000-8000-000000000003','11111111-1111-1111-1111-111111111111',2025,11,210000,12000,8000,230000,11500,20000,1380,4500,6000,43380,186620,21,NULL),
('a1000000-0000-4000-8000-000000000003','11111111-1111-1111-1111-111111111111',2025,12,210000,12000,8000,230000,11500,20000,1380,4500,6000,43380,186620,21,210000),  -- 冬季賞与
('a1000000-0000-4000-8000-000000000003','11111111-1111-1111-1111-111111111111',2026, 1,220000,12000,8000,240000,12000,21000,1440,4800,6300,45540,194460,21,NULL),  -- 昇給
('a1000000-0000-4000-8000-000000000003','11111111-1111-1111-1111-111111111111',2026, 2,220000,11000,8000,239000,12000,21000,1434,4750,6300,45484,193516,20,NULL),
('a1000000-0000-4000-8000-000000000003','11111111-1111-1111-1111-111111111111',2026, 3,220000,14000,8000,242000,12000,21000,1452,4900,6300,45652,196348,22,NULL),
('a1000000-0000-4000-8000-000000000003','11111111-1111-1111-1111-111111111111',2026, 4,220000,12000,8000,240000,12000,21000,1440,4800,6300,45540,194460,21,NULL),
('a1000000-0000-4000-8000-000000000003','11111111-1111-1111-1111-111111111111',2026, 5,220000,12000,8000,240000,12000,21000,1440,4800,6300,45540,194460,21,NULL),
('a1000000-0000-4000-8000-000000000003','11111111-1111-1111-1111-111111111111',2026, 6,220000,13000,8000,241000,12000,21000,1446,4850,6300,45596,195404,21,NULL);

-- ④⑤（標準・在職者）: 今年度(2026-04〜06)を含め登録済 → ダッシュボード賃金台帳アラートを出さない
INSERT INTO payroll_records (worker_id, organization_id, target_year, target_month, basic_salary, overtime_pay, commuting_allowance, gross_pay, total_deduction, net_pay, working_days) VALUES
('a1000000-0000-4000-8000-000000000004','11111111-1111-1111-1111-111111111111',2026, 4,218000,11000,7000,236000,44000,192000,21),
('a1000000-0000-4000-8000-000000000004','11111111-1111-1111-1111-111111111111',2026, 5,218000,12000,7000,237000,44000,193000,21),
('a1000000-0000-4000-8000-000000000004','11111111-1111-1111-1111-111111111111',2026, 6,218000,10000,7000,235000,44000,191000,20),
('a1000000-0000-4000-8000-000000000005','11111111-1111-1111-1111-111111111111',2026, 4,205000,9000,6000,220000,41000,179000,21),
('a1000000-0000-4000-8000-000000000005','11111111-1111-1111-1111-111111111111',2026, 5,205000,10000,6000,221000,41000,180000,21),
('a1000000-0000-4000-8000-000000000005','11111111-1111-1111-1111-111111111111',2026, 6,205000,8000,6000,219000,41000,178000,20);

-- ⑥（面談未実施の主役）: 賃金台帳は今年度分あり（面談だけを問題化するため賃金は健全）
INSERT INTO payroll_records (worker_id, organization_id, target_year, target_month, basic_salary, overtime_pay, commuting_allowance, gross_pay, total_deduction, net_pay, working_days) VALUES
('a1000000-0000-4000-8000-000000000006','11111111-1111-1111-1111-111111111111',2026, 4,205000,9000,5000,219000,41000,178000,21),
('a1000000-0000-4000-8000-000000000006','11111111-1111-1111-1111-111111111111',2026, 5,205000,9000,5000,219000,41000,178000,21),
('a1000000-0000-4000-8000-000000000006','11111111-1111-1111-1111-111111111111',2026, 6,205000,9000,5000,219000,41000,178000,21);

-- ⑧（届出未対応・橙）: 賃金台帳も疎（2025-11〜2026-01の3ヶ月のみ、今年度4-6月欠落）→ 管理不十分を演出
INSERT INTO payroll_records (worker_id, organization_id, target_year, target_month, basic_salary, overtime_pay, commuting_allowance, gross_pay, total_deduction, net_pay, working_days) VALUES
('a1000000-0000-4000-8000-000000000008','11111111-1111-1111-1111-111111111111',2025,11,205000,8000,5000,218000,41000,177000,21),
('a1000000-0000-4000-8000-000000000008','11111111-1111-1111-1111-111111111111',2025,12,205000,8000,5000,218000,41000,177000,21),
('a1000000-0000-4000-8000-000000000008','11111111-1111-1111-1111-111111111111',2026, 1,205000,8000,5000,218000,41000,177000,21);

-- ①（特定活動・運送）: 特定技能ではないため各種集計対象外。実在感のため数ヶ月のみ。
INSERT INTO payroll_records (worker_id, organization_id, target_year, target_month, basic_salary, overtime_pay, commuting_allowance, gross_pay, total_deduction, net_pay, working_days) VALUES
('a1000000-0000-4000-8000-000000000001','11111111-1111-1111-1111-111111111111',2026, 4,215000,10000,7000,232000,44000,188000,21),
('a1000000-0000-4000-8000-000000000001','11111111-1111-1111-1111-111111111111',2026, 5,215000,11000,7000,233000,44000,189000,21),
('a1000000-0000-4000-8000-000000000001','11111111-1111-1111-1111-111111111111',2026, 6,215000,10000,7000,232000,44000,188000,20);
-- ②(入社2週間)・⑦(新入社)は賃金台帳なし（初回給与前）


-- ======================= STEP 8: 支援記録 support_records ==================================
-- ③: 本人面談を直近3四半期完了 + 事前ガイダンス(orientation)完了 → 支援スコア満点方向。
-- ⑤: 1回のみ。⑥: 過去(2026-Q1)は実施済だが当四半期(2026-Q3)は未実施 → Q3タスクがpendingになる。
INSERT INTO support_records (organization_id, worker_id, type, quarter, scheduled_date, completed, completed_date, method, notes) VALUES
('11111111-1111-1111-1111-111111111111','a1000000-0000-4000-8000-000000000003','orientation',      NULL,        '2024-07-05', true,'2024-07-05','in_person','{}'::jsonb),
('11111111-1111-1111-1111-111111111111','a1000000-0000-4000-8000-000000000003','interview_worker','2025-Q4','2025-11-20', true,'2025-11-20','in_person','{}'::jsonb),
('11111111-1111-1111-1111-111111111111','a1000000-0000-4000-8000-000000000003','interview_worker','2026-Q1','2026-02-18', true,'2026-02-18','in_person','{}'::jsonb),
('11111111-1111-1111-1111-111111111111','a1000000-0000-4000-8000-000000000003','interview_worker','2026-Q2','2026-05-19', true,'2026-05-19','in_person','{}'::jsonb),
('11111111-1111-1111-1111-111111111111','a1000000-0000-4000-8000-000000000005','interview_worker','2026-Q1','2026-02-10', true,'2026-02-10','in_person','{}'::jsonb),
('11111111-1111-1111-1111-111111111111','a1000000-0000-4000-8000-000000000006','interview_worker','2026-Q1','2026-02-12', true,'2026-02-12','in_person','{}'::jsonb);

-- ③④⑤ の当四半期(2026-Q3)面談を本人+監督者ともに完了で先置き（idを明示し support_tasks/
-- evaluations と連結）。自動生成(ensureQuarterlyInterviewTasks)は UNIQUE 衝突で skip されるため
-- ③④⑤はダッシュボード面談リストに出ない。⑥は「当Q未実施」の主役として意図的に未完了、
-- ⑧は0件生成の橙を保つため面談を完了させない。
INSERT INTO support_records (id, organization_id, worker_id, type, quarter, scheduled_date, completed, completed_date, method, notes) VALUES
('b3000000-0000-4000-8000-000000000031','11111111-1111-1111-1111-111111111111','a1000000-0000-4000-8000-000000000003','interview_worker',    '2026-Q3','2026-07-08', true,'2026-07-08','in_person','{}'::jsonb),
('b3000000-0000-4000-8000-000000000032','11111111-1111-1111-1111-111111111111','a1000000-0000-4000-8000-000000000003','interview_supervisor','2026-Q3','2026-07-08', true,'2026-07-08','in_person','{}'::jsonb),
('b3000000-0000-4000-8000-000000000041','11111111-1111-1111-1111-111111111111','a1000000-0000-4000-8000-000000000004','interview_worker',    '2026-Q3','2026-07-03', true,'2026-07-03','in_person','{}'::jsonb),
('b3000000-0000-4000-8000-000000000042','11111111-1111-1111-1111-111111111111','a1000000-0000-4000-8000-000000000004','interview_supervisor','2026-Q3','2026-07-03', true,'2026-07-03','in_person','{}'::jsonb),
('b3000000-0000-4000-8000-000000000051','11111111-1111-1111-1111-111111111111','a1000000-0000-4000-8000-000000000005','interview_worker',    '2026-Q3','2026-07-06', true,'2026-07-06','in_person','{}'::jsonb),
('b3000000-0000-4000-8000-000000000052','11111111-1111-1111-1111-111111111111','a1000000-0000-4000-8000-000000000005','interview_supervisor','2026-Q3','2026-07-06', true,'2026-07-06','in_person','{}'::jsonb);


-- ======================= STEP 9: 評価 evaluations（evaluator_role 必須・NULLは集計除外） =======
-- 5段階→3列換算（trustScore.ts の逆写像）: 満点=(20,20,10)。③は高評価、⑤⑥は中位。
-- ③は 2026-Q2 に support_staff＋site_supervisor の2評価者で単一評価者上限も自然に満たす。
INSERT INTO evaluations (worker_id, attendance_score, performance_score, compliance_score, evaluator_role, quarter, evaluated_at, excluded) VALUES
('a1000000-0000-4000-8000-000000000003',19,18,10,'support_staff', '2025-Q4','2025-11-20T10:00:00Z', false),
('a1000000-0000-4000-8000-000000000003',20,18,10,'support_staff', '2026-Q1','2026-02-18T10:00:00Z', false),
('a1000000-0000-4000-8000-000000000003',20,19,10,'support_staff', '2026-Q2','2026-05-19T10:00:00Z', false),
('a1000000-0000-4000-8000-000000000003',18,18,9, 'site_supervisor','2026-Q2','2026-05-19T11:00:00Z', false),
('a1000000-0000-4000-8000-000000000005',15,14,8, 'support_staff', '2026-Q1','2026-02-10T10:00:00Z', false),
('a1000000-0000-4000-8000-000000000006',14,13,7, 'support_staff', '2026-Q1','2026-02-12T10:00:00Z', false);

-- ③④⑤ 2026-Q3 面談の評価（support_record_id で連結・本人=support_staff / 監督者=site_supervisor）
INSERT INTO evaluations (worker_id, attendance_score, performance_score, compliance_score, evaluator_role, quarter, support_record_id, evaluated_at, excluded) VALUES
('a1000000-0000-4000-8000-000000000003',20,19,10,'support_staff',  '2026-Q3','b3000000-0000-4000-8000-000000000031','2026-07-08T10:00:00Z', false),
('a1000000-0000-4000-8000-000000000003',19,18,9, 'site_supervisor','2026-Q3','b3000000-0000-4000-8000-000000000032','2026-07-08T11:00:00Z', false),
('a1000000-0000-4000-8000-000000000004',17,16,9, 'support_staff',  '2026-Q3','b3000000-0000-4000-8000-000000000041','2026-07-03T10:00:00Z', false),
('a1000000-0000-4000-8000-000000000004',16,15,8, 'site_supervisor','2026-Q3','b3000000-0000-4000-8000-000000000042','2026-07-03T11:00:00Z', false),
('a1000000-0000-4000-8000-000000000005',15,14,8, 'support_staff',  '2026-Q3','b3000000-0000-4000-8000-000000000051','2026-07-06T10:00:00Z', false),
('a1000000-0000-4000-8000-000000000005',14,13,7, 'site_supervisor','2026-Q3','b3000000-0000-4000-8000-000000000052','2026-07-06T11:00:00Z', false);


-- ======================= STEP 10: 資格・日本語 qualifications ================================
-- ③: N2(証憑確認)＋技能試験(証憑確認) → 資格スコア満点方向＆緑バッジ根拠。
INSERT INTO qualifications (organization_id, worker_id, type, level, verified_level, acquired_date) VALUES
('11111111-1111-1111-1111-111111111111','a1000000-0000-4000-8000-000000000003','jlpt','N2','document_confirmed','2024-12-01'),
('11111111-1111-1111-1111-111111111111','a1000000-0000-4000-8000-000000000003','skill_exam',NULL,'document_confirmed','2024-05-01'),
('11111111-1111-1111-1111-111111111111','a1000000-0000-4000-8000-000000000005','jlpt','N3','self_reported',    '2025-07-01'),
('11111111-1111-1111-1111-111111111111','a1000000-0000-4000-8000-000000000006','jlpt','N4','document_confirmed','2024-12-01');
-- ②④⑦⑧ は資格未登録（⑦=灰・⑧=橙 の演出）


-- ======================= STEP 11: 帳票生成記録 document_generations =========================
-- 機関単位: teiki_hokoku を1件（worker_id NULL, 提出期間開始2026-04-01以降）→ ダッシュボード
--           「届出」= 緑（全1号に定期届出の遵守が効く）。
-- per-worker: ③④⑤⑥ は雇用条件書生成済、③は面談記録も生成済 → ③=緑。
--             ⑦⑧ は document_generations 0件 → ⑦=灰(データ皆無)、⑧=橙(契約義務あり×未生成)。
INSERT INTO document_generations (worker_id, document_id, generated_at) VALUES
(NULL,                                       'teiki_hokoku', '2026-05-20T09:00:00Z'),  -- 機関単位・定期届出
('a1000000-0000-4000-8000-000000000003','koyou_joken',  '2024-07-02T09:00:00Z'),
('a1000000-0000-4000-8000-000000000003','mendan_kiroku','2026-05-19T12:00:00Z'),
('a1000000-0000-4000-8000-000000000003','mendan_kiroku','2026-07-08T12:00:00Z'),
('a1000000-0000-4000-8000-000000000003','mendan_kiroku_supervisor','2026-07-08T12:05:00Z'),
('a1000000-0000-4000-8000-000000000004','koyou_joken',  '2024-08-02T09:00:00Z'),
('a1000000-0000-4000-8000-000000000004','mendan_kiroku','2026-07-03T12:00:00Z'),
('a1000000-0000-4000-8000-000000000004','mendan_kiroku_supervisor','2026-07-03T12:05:00Z'),
('a1000000-0000-4000-8000-000000000005','koyou_joken',  '2025-04-02T09:00:00Z'),
('a1000000-0000-4000-8000-000000000005','mendan_kiroku','2026-07-06T12:00:00Z'),
('a1000000-0000-4000-8000-000000000005','mendan_kiroku_supervisor','2026-07-06T12:05:00Z'),
('a1000000-0000-4000-8000-000000000006','koyou_joken',  '2025-01-16T09:00:00Z'),
('a1000000-0000-4000-8000-000000000002','koyou_joken',  '2026-06-29T09:00:00Z');
-- ⑦⑧①: document_generations なし


-- ======================= STEP 11b: 面談タスクの先置き（完了抑制＋⑥の期限超過催促） ==========
-- period_key/due_date は engine(computeInterviewTask)が在職者に返す値（period=当四半期, due=四半期末
-- 2026-09-30）と一致させる。UNIQUE(worker_id,task_type,period_key)が効き、
-- ensureQuarterlyInterviewTasks の upsert(ignoreDuplicates)が③④⑤分を新規作成しない。
--
-- 【完了で先置き＝面談リストから除外】③④⑤（本人+監督者の2種）
INSERT INTO support_tasks (organization_id, worker_id, task_type, period_key, due_date, status, completed_at, support_record_id) VALUES
('11111111-1111-1111-1111-111111111111','a1000000-0000-4000-8000-000000000003','quarterly_interview',           '2026-Q3','2026-09-30','completed','2026-07-08T10:00:00Z','b3000000-0000-4000-8000-000000000031'),
('11111111-1111-1111-1111-111111111111','a1000000-0000-4000-8000-000000000003','quarterly_interview_supervisor','2026-Q3','2026-09-30','completed','2026-07-08T11:00:00Z','b3000000-0000-4000-8000-000000000032'),
('11111111-1111-1111-1111-111111111111','a1000000-0000-4000-8000-000000000004','quarterly_interview',           '2026-Q3','2026-09-30','completed','2026-07-03T10:00:00Z','b3000000-0000-4000-8000-000000000041'),
('11111111-1111-1111-1111-111111111111','a1000000-0000-4000-8000-000000000004','quarterly_interview_supervisor','2026-Q3','2026-09-30','completed','2026-07-03T11:00:00Z','b3000000-0000-4000-8000-000000000042'),
('11111111-1111-1111-1111-111111111111','a1000000-0000-4000-8000-000000000005','quarterly_interview',           '2026-Q3','2026-09-30','completed','2026-07-06T10:00:00Z','b3000000-0000-4000-8000-000000000051'),
('11111111-1111-1111-1111-111111111111','a1000000-0000-4000-8000-000000000005','quarterly_interview_supervisor','2026-Q3','2026-09-30','completed','2026-07-06T11:00:00Z','b3000000-0000-4000-8000-000000000052');

-- 【期限超過(赤)の催促＝⑥の主役演出】⑥に過去四半期(2026-Q2)の未完了タスクを積む。
-- engine は当四半期(Q3)しか生成しないため過去Qは衝突せず残り、期日(6/30)<今日(7/13)で赤表示。
-- ⑥の当四半期(Q3)は engine が別途 pending(緑)を自動生成する＝「当Q未実施」も同時に成立。
INSERT INTO support_tasks (organization_id, worker_id, task_type, period_key, due_date, status) VALUES
('11111111-1111-1111-1111-111111111111','a1000000-0000-4000-8000-000000000006','quarterly_interview',           '2026-Q2','2026-06-30','pending'),
('11111111-1111-1111-1111-111111111111','a1000000-0000-4000-8000-000000000006','quarterly_interview_supervisor','2026-Q2','2026-06-30','pending');
-- ⑧は面談を完了させない（完了させると mendan 生成記録が付き 0件生成の橙が崩れるため）。
-- ⑧・②・⑦の当四半期タスクは engine が pending(緑・期日前)で自動生成する。


-- ======================= STEP 12: 投入後の検証（読取・任意） ================================
-- support_tasks は③④⑤(完了)と⑥Q2(未完了・超過)のみ先置き済。アプリのダッシュボード/従業員一覧を
-- 開くと ensureQuarterlyInterviewTasks が残りの在職特定技能1号(②⑥Q3⑦⑧)の当四半期面談タスクを
-- pending 自動生成する。⑦は契約開始2026-07で初回=2026-10（Q4・期日前）。
SELECT fw.name_romaji, rs.status_type, rs.expiry_date, wc.contract_start_date
  FROM foreign_workers fw
  LEFT JOIN residence_statuses rs ON rs.worker_id=fw.id AND rs.is_active
  LEFT JOIN worker_contracts   wc ON wc.worker_id=fw.id
 WHERE fw.org_id='11111111-1111-1111-1111-111111111111'
 ORDER BY fw.name_romaji;
